Id,First Name,Last Name,Email
11,Aurie,Toombs,atoombs0@blogtalkradio.com
12,Ethelyn,Kertess,ekertess1@booking.com
13,Cathe,Beak,cbeak2@newsvine.com
14,Borg,Emmatt,bemmatt3@goo.ne.jp
15,Marcille,Millery,mmillery4@boston.com
16,Abbi,Jina,ajina5@npr.org
17,Ardis,Whimper,awhimper6@prweb.com
18,Duff,Sergeaunt,dsergeaunt7@prnewswire.com
19,Nani,Tomasian,ntomasian8@toplist.cz
20,Grover,Epperson,gepperson9@state.gov
21,Anabella,Heale,ahealea@cloudflare.com
22,Tami,Rendell,trendellb@ebay.co.uk
23,Tera,Borsnall,tborsnallc@domainmarket.com
24,Terza,Futcher,tfutcherd@senate.gov
25,Ira,Safont,isafonte@ebay.co.uk
Created @ Sun Jan 08 00:09:38 CET 2023